<?xml version="1.0" encoding="UTF-8"?>
<assembly  xmlns:xsi="http://www.w3.org/2001/XMLSchema-instance"
          xsi:schemaLocation="http://maven.apache.org/plugins/maven-assembly-plugin/assembly/1.1.3 ">
    <id>package</id>
    <formats>
        <format>zip</format>
        <format>dir</format>
    </formats>
    <!-- 改为false不会出现两层相同的目录 -->
    <includeBaseDirectory>true</includeBaseDirectory>
    <fileSets>
        <fileSet>
            <directory>bin</directory>
            <outputDirectory>${file.separator}</outputDirectory>
        </fileSet>
        <fileSet>
            <directory>src/main/resources</directory>
            <outputDirectory>${file.separator}</outputDirectory>
            <excludes>
                <exclude>*.xml</exclude>
                <exclude>mybatis/**</exclude>
            </excludes>
        </fileSet>
        <fileSet>
            <directory>src/main/resources</directory>
            <outputDirectory>${file.separator}</outputDirectory>
            <includes>
                <include>*.text</include>
            </includes>
        </fileSet>
        <fileSet>
            <directory>${project.build.directory}</directory>
            <outputDirectory>${file.separator}</outputDirectory>
            <includes>
                <include>*.jar</include>
            </includes>
        </fileSet>
    </fileSets>
    <dependencySets>
        <dependencySet>
            <outputDirectory>lib</outputDirectory>
            <scope>runtime</scope>
            <!--<unpack>false</unpack> -->
            <excludes>
                <!--<exclude>${project.name}-${project.version}</exclude> -->
                <exclude>${groupId}:${artifactId}</exclude>
            </excludes>
        </dependencySet>
    </dependencySets>
</assembly>